time_utc,zenith,azimuth,T_air_C,RH,wind_ms,mean_apar,mean_tleaf_C,An_total_mmol_d
04:00,85.80686773643947,56.99133590969916,20.347431425947676,0.7217522858017442,1.1339745962155614,11.105854415639936,20.34743142594767,94.5745078574283
06:00,68.52652347136231,78.88243495554377,23.21684284667969,0.6261052384440103,1.5,2.298060292409815,23.216842846679693,247.34564620817395
08:00,49.77338423365045,102.51899500109931,26.296100594190538,0.5234633135269822,2.0,1.5179552651496635,26.296100594190534,329.6784452257658
10:00,33.34265036796721,136.56575955152192,28.760120041747413,0.4413293319417529,2.5,1.13550427626739,28.76012004174742,399.3380046913171
12:00,27.88998001277838,191.19349708460533,29.948669168242862,0.401711027725238,2.8660254037844384,1.083845599700163,29.948669168242866,432.950564485356
14:00,38.90924754766456,238.44111926826707,29.54327719506772,0.4152240934977427,3.0,1.246384357280226,29.54327719506773,421.5820914198172
16:00,56.86272093435632,267.01902014326265,27.652568574052324,0.4782477141982559,2.866025403784439,1.7602153975903387,27.65256857405233,367.6426917149157
18:00,75.41982238058894,289.3246263318872,24.78315715332031,0.5738947615559897,2.5,3.041507247836783,24.783157153320307,283.36453772822244
