time_utc,zenith,azimuth,T_air_C,RH,wind_ms,mean_apar,mean_tleaf_C,An_total_mmol_d
04:00,86.29790163365088,58.762194775497676,20.347431425947676,0.7217522858017442,1.1339745962155614,10.233032344277936,24.70267742196297,77.31440666917393
06:00,68.80708836839707,80.82169314580324,23.21684284667969,0.6261052384440103,1.5,2.093898540040519,24.65296233509162,157.18294958137804
08:00,50.06413609491215,104.86446876075581,26.296100594190538,0.5234633135269822,2.0,1.345940172635472,26.435508413367756,183.09374185409345
10:00,34.05816855977318,139.55829146564372,28.760120041747413,0.4413293319417529,2.5,1.2615817110370613,27.57794573847606,200.50839227439667
12:00,29.42206213612664,193.15520874099317,29.948669168242862,0.401711027725238,2.8660254037844384,1.1565576270459137,27.698260038284385,202.63267093736337
14:00,40.691143665631444,238.6598781438858,29.54327719506772,0.4152240934977427,3.0,1.304904276349767,27.061215633854726,193.0478391350036
16:00,58.63741567907072,266.92512879698995,27.652568574052324,0.4782477141982559,2.866025403784439,1.688007357695506,25.767549960837368,173.46176878860723
18:00,77.17961322971261,289.3450325682081,24.78315715332031,0.5738947615559897,2.5,3.3875720296431613,23.961010227029,140.6254862177056
