{
  "phase": "Phase 5: Coupling Validation",
  "simulation_days": 55,
  "n_leaf_segments": 6202,
  "n_organs": 11,
  "total_leaf_area_m2": 0.2548063669980009,
  "transpiration": {
    "LE_baleno_total_mmol_d": 2171.300806157654,
    "Ev_cpb_total_mmol_d": 1393.0139529449575,
    "pct_difference": 55.87071483148661
  },
  "energy_balance_closure": {
    "mean_abs_error_Wm2": 3.115536246372138,
    "max_abs_error_Wm2": 3.4962,
    "per_organ": {
      "leaf_1": 3.3502893992932856,
      "leaf_2": 3.281255322580645,
      "leaf_3": 3.2440856304985335,
      "leaf_4": 3.1643714080459766,
      "leaf_5": 3.071999134199135,
      "leaf_6": 3.015252583586626,
      "leaf_7": 3.068226393442623,
      "leaf_8": 2.997229602888087,
      "leaf_9": 3.0353784735812135,
      "leaf_10": 3.0012627956989246,
      "leaf_11": 3.1011539534883723
    }
  },
  "vertical_profile": {
    "an_3d_gradient_umol_m2_s_per_cm": 0.11097368693048633,
    "z_range_cm": [
      1.028894821039557,
      125.87720784748635
    ],
    "n_bins": 13,
    "profile_z_cm": [
      5.0,
      15.0,
      25.0,
      35.0,
      45.0,
      55.0,
      65.0,
      75.0,
      85.0,
      95.0,
      105.0,
      115.0,
      125.0
    ],
    "profile_an_3d": [
      20.695728321212123,
      27.27785226470588,
      32.41452389473684,
      36.55470868279198,
      39.88724469739131,
      39.11787644964029,
      37.8736693761194,
      40.369310688495574,
      39.59571226644182,
      40.17493666608084,
      39.458781176870744,
      39.385452302884616,
      37.650399582417585
    ]
  },
  "sunlit_shaded": {
    "threshold_umol_m2_s": 500.0,
    "n_sunlit": 5846,
    "n_shaded": 356,
    "sunlit_frac": 0.9425991615607868,
    "mean_An_3d_sunlit": 38.37176291464249,
    "mean_An_3d_shaded": 17.858427311797755,
    "mean_An_uni_sunlit": 46.940960000000004,
    "mean_An_uni_shaded": 46.940960000000004
  },
  "apar_stats": {
    "mean": 1000.0000005965817,
    "std": 356.5480124776997,
    "min": 90.7836,
    "max": 2774.3539
  }
}