{
  "param": "wave_normal_amp",
  "values": [
    0.0,
    0.034482758620689655,
    0.06896551724137931,
    0.10344827586206896,
    0.13793103448275862,
    0.1724137931034483,
    0.20689655172413793,
    0.24137931034482757,
    0.27586206896551724,
    0.3103448275862069,
    0.3448275862068966,
    0.3793103448275862,
    0.41379310344827586,
    0.4482758620689655,
    0.48275862068965514,
    0.5172413793103449,
    0.5517241379310345,
    0.5862068965517241,
    0.6206896551724138,
    0.6551724137931034,
    0.6896551724137931,
    0.7241379310344828,
    0.7586206896551724,
    0.7931034482758621,
    0.8275862068965517,
    0.8620689655172413,
    0.896551724137931,
    0.9310344827586207,
    0.9655172413793103,
    1.0
  ],
  "target_deform": {
    "wave_normal_amp": 0.4
  },
  "cp_l2": [
    0.6250748167325765,
    0.5219486207496441,
    0.4281130730534661,
    0.34356817364404146,
    0.26831392252135555,
    0.2023503196854273,
    0.14567736513624918,
    0.09829505887382069,
    0.0602034008981439,
    0.031402391209219116,
    0.011892029807042143,
    0.0016723166916152777,
    0.0007432518629398954,
    0.009104835321015166,
    0.026757067065840707,
    0.0536999470974148,
    0.0899334754157406,
    0.13545765202082016,
    0.19027247691264854,
    0.2543779500912268,
    0.32777407155655464,
    0.4104608413086281,
    0.5024382593474601,
    0.6037063256730355,
    0.7142650402853775,
    0.8341144031844583,
    0.9632544143702899,
    1.1016850738428596,
    1.2494063816021965,
    1.40641833764827
  ],
  "chamfer": [
    0.024579093548935046,
    0.022460206174025978,
    0.0203413187991182,
    0.018222431424210414,
    0.016103544049301408,
    0.013984656674393747,
    0.011865769299485667,
    0.009746881924576751,
    0.007627994549669162,
    0.005509107174761234,
    0.003390219799852799,
    0.0012713324249450512,
    0.0008475549499630845,
    0.002966442324871846,
    0.0050853296997795125,
    0.007204217074687498,
    0.00932310444959563,
    0.011441991824503903,
    0.013560879199411437,
    0.01567976657432023,
    0.017798653949229054,
    0.019917541324135802,
    0.022036428699044826,
    0.024155316073952333,
    0.026274203448861184,
    0.028393090823769986,
    0.030511978198676733,
    0.03263086557358516,
    0.0347497529484943,
    0.03686864032340211
  ],
  "n_u": 11,
  "n_v": 5,
  "cp_smoothness": {
    "sign_changes": 1,
    "total_variation": 2.0300066506549665
  },
  "chamfer_smoothness": {
    "sign_changes": 1,
    "total_variation": 0.05975262397241098
  }
}