{
  "source": "MaizeField3D",
  "n_plants": 520,
  "n_positions": 11,
  "median_leaf_count": 11,
  "stem": {
    "lmax": 180.0,
    "ln": 14.5,
    "lb": 30.0,
    "n_leaves": 11
  },
  "per_position": [
    {
      "position": 0,
      "lmax": 53.2,
      "lmax_std": 13.4,
      "Width_blade": 2.94,
      "Width_petiole": 0.88,
      "areaMax": 218.7,
      "theta": 1.396,
      "r": 4.0,
      "tropismS": 0.233,
      "tropismAge": 7.0,
      "leaf_geometry": [
        [
          -4.0,
          0.8222941615656284
        ],
        [
          -2.666666666666667,
          0.7768936537513025
        ],
        [
          -1.3333333333333335,
          0.7523530585201366
        ],
        [
          0.0,
          0.7672605612222531
        ],
        [
          1.333333333333333,
          0.7794289528546869
        ],
        [
          2.666666666666666,
          0.7839445551758053
        ],
        [
          4.0,
          0.04994748121471596
        ]
      ],
      "n_samples": 520,
      "median_length_cm": 48.4,
      "median_max_width_cm": 8.0
    },
    {
      "position": 1,
      "lmax": 64.8,
      "lmax_std": 12.2,
      "Width_blade": 3.63,
      "Width_petiole": 1.09,
      "areaMax": 329.2,
      "theta": 1.344,
      "r": 4.0,
      "tropismS": 0.262,
      "tropismAge": 5.3,
      "leaf_geometry": [
        [
          -4.0,
          0.8167296076860595
        ],
        [
          -2.666666666666667,
          0.7664331401873247
        ],
        [
          -1.3333333333333335,
          0.7530045389146972
        ],
        [
          0.0,
          0.7748075823720567
        ],
        [
          1.333333333333333,
          0.7979481374448032
        ],
        [
          2.666666666666666,
          0.8047268970051794
        ],
        [
          4.0,
          0.04982437751659585
        ]
      ],
      "n_samples": 520,
      "median_length_cm": 58.9,
      "median_max_width_cm": 9.8
    },
    {
      "position": 2,
      "lmax": 73.8,
      "lmax_std": 11.0,
      "Width_blade": 4.12,
      "Width_petiole": 1.24,
      "areaMax": 425.2,
      "theta": 1.292,
      "r": 4.0,
      "tropismS": 0.284,
      "tropismAge": 3.9,
      "leaf_geometry": [
        [
          -4.0,
          0.8178226416569938
        ],
        [
          -2.666666666666667,
          0.7757787668614378
        ],
        [
          -1.3333333333333335,
          0.7498842537572071
        ],
        [
          0.0,
          0.7597091451777915
        ],
        [
          1.333333333333333,
          0.7921049357589226
        ],
        [
          2.666666666666666,
          0.82082726225438
        ],
        [
          4.0,
          0.049832963354166995
        ]
      ],
      "n_samples": 520,
      "median_length_cm": 67.1,
      "median_max_width_cm": 11.2
    },
    {
      "position": 3,
      "lmax": 77.4,
      "lmax_std": 10.8,
      "Width_blade": 4.38,
      "Width_petiole": 1.31,
      "areaMax": 474.7,
      "theta": 1.239,
      "r": 4.0,
      "tropismS": 0.293,
      "tropismAge": 3.4,
      "leaf_geometry": [
        [
          -4.0,
          0.8009989763130938
        ],
        [
          -2.666666666666667,
          0.782678302995693
        ],
        [
          -1.3333333333333335,
          0.7657317007473748
        ],
        [
          0.0,
          0.7709036684507143
        ],
        [
          1.333333333333333,
          0.780522703467982
        ],
        [
          2.666666666666666,
          0.7850494155823885
        ],
        [
          4.0,
          0.04999987853949286
        ]
      ],
      "n_samples": 520,
      "median_length_cm": 70.3,
      "median_max_width_cm": 11.8
    },
    {
      "position": 4,
      "lmax": 78.9,
      "lmax_std": 11.2,
      "Width_blade": 4.6,
      "Width_petiole": 1.38,
      "areaMax": 508.2,
      "theta": 1.187,
      "r": 4.0,
      "tropismS": 0.297,
      "tropismAge": 3.2,
      "leaf_geometry": [
        [
          -4.0,
          0.8016694926447927
        ],
        [
          -2.666666666666667,
          0.7937117473761648
        ],
        [
          -1.3333333333333335,
          0.7864944802394422
        ],
        [
          0.0,
          0.7981336570422273
        ],
        [
          1.333333333333333,
          0.8097723897666711
        ],
        [
          2.666666666666666,
          0.7904299758956462
        ],
        [
          4.0,
          0.04975611590452526
        ]
      ],
      "n_samples": 520,
      "median_length_cm": 71.8,
      "median_max_width_cm": 12.2
    },
    {
      "position": 5,
      "lmax": 75.7,
      "lmax_std": 11.6,
      "Width_blade": 4.42,
      "Width_petiole": 1.33,
      "areaMax": 468.5,
      "theta": 1.134,
      "r": 4.0,
      "tropismS": 0.289,
      "tropismAge": 3.6,
      "leaf_geometry": [
        [
          -4.0,
          0.8205383669546891
        ],
        [
          -2.666666666666667,
          0.8058811837662544
        ],
        [
          -1.3333333333333335,
          0.7808622575184303
        ],
        [
          0.0,
          0.7813417247014856
        ],
        [
          1.333333333333333,
          0.7908862198511468
        ],
        [
          2.666666666666666,
          0.7725361513640499
        ],
        [
          4.0,
          0.049757372905058495
        ]
      ],
      "n_samples": 520,
      "median_length_cm": 68.8,
      "median_max_width_cm": 11.9
    },
    {
      "position": 6,
      "lmax": 70.4,
      "lmax_std": 12.6,
      "Width_blade": 4.29,
      "Width_petiole": 1.29,
      "areaMax": 422.9,
      "theta": 1.082,
      "r": 4.0,
      "tropismS": 0.276,
      "tropismAge": 4.4,
      "leaf_geometry": [
        [
          -4.0,
          0.8065484938413643
        ],
        [
          -2.666666666666667,
          0.792673874041446
        ],
        [
          -1.3333333333333335,
          0.7845376358680645
        ],
        [
          0.0,
          0.7909512348596277
        ],
        [
          1.333333333333333,
          0.7951031555811012
        ],
        [
          2.666666666666666,
          0.7817415303228553
        ],
        [
          4.0,
          0.04971736138750866
        ]
      ],
      "n_samples": 518,
      "median_length_cm": 64.0,
      "median_max_width_cm": 11.6
    },
    {
      "position": 7,
      "lmax": 63.6,
      "lmax_std": 13.0,
      "Width_blade": 4.13,
      "Width_petiole": 1.24,
      "areaMax": 367.6,
      "theta": 1.03,
      "r": 4.0,
      "tropismS": 0.259,
      "tropismAge": 5.5,
      "leaf_geometry": [
        [
          -4.0,
          0.8178200407263139
        ],
        [
          -2.666666666666667,
          0.7888837980868426
        ],
        [
          -1.3333333333333335,
          0.7783758262743466
        ],
        [
          0.0,
          0.7821469054918713
        ],
        [
          1.333333333333333,
          0.7814415216830649
        ],
        [
          2.666666666666666,
          0.779826701944355
        ],
        [
          4.0,
          0.04903322588832564
        ]
      ],
      "n_samples": 509,
      "median_length_cm": 57.8,
      "median_max_width_cm": 11.2
    },
    {
      "position": 8,
      "lmax": 59.2,
      "lmax_std": 13.1,
      "Width_blade": 3.81,
      "Width_petiole": 1.14,
      "areaMax": 316.1,
      "theta": 0.977,
      "r": 4.0,
      "tropismS": 0.248,
      "tropismAge": 6.1,