{
  "config": {
    "C_targMesophyll": 0.4,
    "Vmax_S_Mesophyll": 0.0,
    "Vmaxloading": 0.2,
    "beta_loading": 2.0,
    "n_substeps": 24
  },
  "k_grid": [
    1.0,
    5.0,
    20.0,
    50.0
  ],
  "babst_v_window": [
    0.55,
    1.35
  ],
  "jensen_factor": 0.4,
  "results": [
    {
      "k_S_Mesophyll": 1.0,
      "ret": 1,
      "An_total": 22.717181809248665,
      "dQ_Meso": 15.873659514541359,
      "dQ_S_Meso": 2.128187800600285,
      "dQ_ST": 0.015295072992162984,
      "dQ_Rm": 3.368921215718224,
      "dQ_Gr": 0.13572029937033897,
      "dQ_Exud": 1.2721240421272002,
      "Q_Fl": 4.7153344941070205,
      "load_eff": 0.20756687751591194,
      "storage_frac": 0.7924331224840879,
      "starch_frac": 0.09368185800819064,
      "c_meso_estimate": 31.842847571798114,
      "c_st_src": 0.5194003434284037,
      "JW_basal": 0.0028594437728712238,
      "v_anat_m_per_hr": 0.04438256015318982,
      "v_jensen04_m_per_hr": 0.11095640038297455,
      "in_babst_anat": false,
      "in_babst_jensen": false
    },
    {
      "k_S_Mesophyll": 5.0,
      "ret": 1,
      "An_total": 22.717181809248665,
      "dQ_Meso": 11.9389400122507,
      "dQ_S_Meso": 6.135815791051394,
      "dQ_ST": 0.015046256960136544,
      "dQ_Rm": 3.3530520965604245,
      "dQ_Gr": 0.1316775275467223,
      "dQ_Exud": 1.3428793072402736,
      "Q_Fl": 4.64242600594657,
      "load_eff": 0.2043574790626774,
      "storage_frac": 0.7956425209373227,
      "starch_frac": 0.27009581745537503,
      "c_meso_estimate": 23.949729212137814,
      "c_st_src": 0.5022645110828188,
      "JW_basal": 0.0027492672405004153,
      "v_anat_m_per_hr": 0.0426724665252577,
      "v_jensen04_m_per_hr": 0.10668116631314424,
      "in_babst_anat": false,
      "in_babst_jensen": false
    },
    {
      "k_S_Mesophyll": 20.0,
      "ret": 1,
      "An_total": 22.71718180924867,
      "dQ_Meso": 9.589580917761229,
      "dQ_S_Meso": 8.542635454490659,
      "dQ_ST": 0.014820127601392195,
      "dQ_Rm": 3.3486222638175898,
      "dQ_Gr": 0.12957425634915698,
      "dQ_Exud": 1.2614463377462206,
      "Q_Fl": 4.584965436996784,
      "load_eff": 0.20182809097958368,
      "storage_frac": 0.7981719090204165,
      "starch_frac": 0.37604292320329813,
      "c_meso_estimate": 19.2368724528811,
      "c_st_src": 0.4865823467822114,
      "JW_basal": 0.002640579775961897,
      "v_anat_m_per_hr": 0.04098548530934983,
      "v_jensen04_m_per_hr": 0.10246371327337457,
      "in_babst_anat": false,
      "in_babst_jensen": false
    },
    {
      "k_S_Mesophyll": 50.0,
      "ret": 1,
      "An_total": 22.71718180924868,
      "dQ_Meso": 9.065274149262793,
      "dQ_S_Meso": 9.09089132141912,
      "dQ_ST": 0.014684448979266294,
      "dQ_Rm": 3.267911553634522,
      "dQ_Gr": 0.12420331370674492,
      "dQ_Exud": 1.2129831411507832,
      "Q_Fl": 4.561016338566766,
      "load_eff": 0.20077386257083496,
      "storage_frac": 0.799226137429165,
      "starch_frac": 0.40017689684193186,
      "c_meso_estimate": 18.185103609353646,
      "c_st_src": 0.4819740435724089,
      "JW_basal": 0.0025964302384433044,
      "v_anat_m_per_hr": 0.040300222838639696,
      "v_jensen04_m_per_hr": 0.10075055709659923,
      "in_babst_anat": false,
      "in_babst_jensen": false
    }
  ]
}